images/0023ae606e660f16851e1f.jpg	images/0023ae606e660f16851e1fShadow.jpg
images/109525-425x283-Oak-tree.jpg	images/109525-425x283-Oak-treeShadow.jpg
images/355767_US-led soldiers.jpg	images/355767_US-led soldiersShadow.jpg
images/3.6-Trees-e1278111803504.jpg	images/3.6-Trees-e1278111803504Shadow.jpg
images/488px-Noosa_rugby_cars.jpg	images/488px-Noosa_rugby_carsShadow.jpg
images/515800-an-2-airplane-on-ground.jpg	images/515800-an-2-airplane-on-groundShadow.jpg
images/56571_2.jpg	images/56571_2Shadow.jpg
images/5961547.JPG	images/5961547Shadow.JPG
images/Acer_negundo_Trees.jpg	images/Acer_negundo_TreesShadow.jpg
images/airplane-ground-control-ii-1893733.jpg	images/airplane-ground-control-ii-1893733Shadow.jpg
images/Australian-Flowering-Tree-Flaxton-Area-004.JPG	images/Australian-Flowering-Tree-Flaxton-Area-004Shadow.jpg
images/Babcock Park 2008 003.jpg	images/Babcock Park 2008 003Shadow.jpg
images/bamboo-shadows.jpg	images/bamboo-shadowsShadow.jpg
images/BartPark-1024x768.jpg	images/BartPark-1024x768Shadow.jpg
images/Battery_Park_City_007.JPG	images/Battery_Park_City_007Shadow.jpg
images/beach-view-carmel-by-the-sea-california-george-oze.jpg	images/beach-view-carmel-by-the-sea-california-george-ozeShadow.jpg
images/bondi-beach.jpg	images/bondi-beachShadow.jpg
images/Central Park - Bandshell.JPG	images/Central Park - BandshellShadow.jpg
images/Flag.jpg	images/FlagShadow.jpg
images/golden-sands-beach-13840-1920x1080.jpg	images/golden-sands-beach-13840-1920x1080Shadow.jpg
images/gvp1.jpg	images/gvp1Shadow.jpg
images/hawaii-beach-wallpaper-hd-with-resolution.jpg	images/hawaii-beach-wallpaper-hd-with-resolutionShadow.jpg
images/hyde_park.jpg	images/hyde_parkShadow.jpg
images/KenyonPark1.jpg	images/KenyonPark1Shadow.jpg
images/kewarra_beach_01.jpg	images/kewarra_beach_01Shadow.jpg
images/Lano_Beach_-_Savai'i,_2007.jpg	images/Lano_Beach_-_Savai'i,_2007Shadow.jpg
images/LeedomHouse.jpg	images/LeedomHouseShadow.jpg
images/on_ground.jpg	images/on_groundShadow.jpg
images/s1.reutersmedia.net.jpeg	images/s1.reutersmedia.netShadow.jpg
images/shadows1.jpg	images/shadows1Shadow.jpg
images/shadows-on-the-ground.jpg	images/shadows-on-the-groundShadow.jpg
images/stock-footage-cargo-helicopter-and-an-airplane-on-the-ground-for-repair.jpg	images/stock-footage-cargo-helicopter-and-an-airplane-on-the-ground-for-repairShadow.jpg
images/tropical-beach-22868-1920x1080.jpg	images/tropical-beach-22868-1920x1080Shadow.jpg
images/US-Soldiers.jpg	images/US-SoldiersShadow.jpg
images/we-had-a-most-informative-and-enjoyable-visit-at-finish-line-accessori.jpg	images/we-had-a-most-informative-and-enjoyable-visit-at-finish-line-accessoriShadow.jpg
images/Winter-Park-Country-Club-Tree.jpg	images/Winter-Park-Country-Club-TreeShadow.jpg
images/0.jpg	images/0Shadow.jpg
images/5.jpg	images/5Shadow.jpg
images/camel.jpg	images/camelShadow.jpg
images/sh.jpg	images/shShadow.jpg
images/deca.png	images/decaShadow.jpg
